timestamp,model_version,pickup_datetime,pickup_latitude,pickup_longitude,dropoff_latitude,dropoff_longitude,passenger_count,predicted_duration_seconds,predicted_duration_minutes
2026-08-28T10:17:25.078252,v1.0-week3,2016-06-21 11:07:00,40.702001,-74.002497,40.717857,-73.956353,3,109.13,1.82
2026-08-28T10:17:25.079876,v1.0-week3,2016-06-24 07:57:00,40.743629,-73.970951,40.702543,-74.02063,1,1546.45,25.77
2026-08-28T10:17:25.080927,v1.0-week3,2016-06-17 01:38:00,40.702123,-74.010116,40.751991,-73.975506,1,263.56,4.39
2026-08-28T10:17:25.082275,v1.0-week3,2016-06-15 07:37:00,40.722255,-73.94307,40.760705,-74.014034,2,639.42,10.66
2026-08-28T10:17:25.084367,v1.0-week3,2016-06-11 12:17:00,40.712438,-73.934279,40.726928,-74.020725,1,983.34,16.39
2026-08-28T10:17:25.085729,v1.0-week3,2016-06-12 06:54:00,40.727516,-74.003548,40.703476,-73.984058,1,60,1.0
2026-08-28T10:17:25.086965,v1.0-week3,2016-06-13 13:05:00,40.744163,-73.94706,40.749482,-73.943829,3,303.82,5.06
2026-08-28T10:17:25.088465,v1.0-week3,2016-06-07 14:45:00,40.705564,-73.963874,40.761845,-73.931478,1,322.09,5.37
2026-08-28T10:17:25.090023,v1.0-week3,2016-06-28 15:06:00,40.73041,-73.984659,40.766729,-74.013735,2,341.1,5.69
2026-08-28T10:17:25.092602,v1.0-week3,2016-06-07 06:42:00,40.721358,-73.936335,40.751843,-73.969087,1,394.58,6.58
2026-08-28T10:17:25.093848,v1.0-week3,2016-06-18 06:46:00,40.719585,-73.983774,40.721596,-73.937461,3,321.09,5.35
2026-08-28T10:17:25.095131,v1.0-week3,2016-06-18 21:14:00,40.754769,-73.945715,40.76208,-74.007095,1,1004.93,16.75
2026-08-28T10:17:25.096497,v1.0-week3,2016-06-26 10:20:00,40.732093,-74.023381,40.773051,-73.973282,3,2241.12,37.35
2026-08-28T10:17:25.097674,v1.0-week3,2016-06-11 07:13:00,40.752435,-73.990437,40.773164,-73.984115,2,1041.55,17.36
2026-08-28T10:17:25.098834,v1.0-week3,2016-06-05 05:15:00,40.759599,-73.976102,40.759761,-73.987157,3,60,1.0
2026-08-28T10:17:25.100396,v1.0-week3,2016-06-13 09:23:00,40.717546,-73.930246,40.740762,-74.020909,1,425.59,7.09
2026-08-28T10:17:25.101527,v1.0-week3,2016-06-28 09:07:00,40.712227,-74.014002,40.754438,-73.970359,2,98.07,1.63
2026-08-28T10:17:25.103264,v1.0-week3,2016-06-13 19:38:00,40.77969,-73.977089,40.777686,-73.943922,1,278.18,4.64
2026-08-28T10:17:25.104235,v1.0-week3,2016-06-22 00:46:00,40.709164,-73.941521,40.76007,-73.95314,2,997.29,16.62
2026-08-28T10:17:25.105544,v1.0-week3,2016-06-04 17:18:00,40.734781,-73.984628,40.776305,-73.942415,2,132.36,2.21
2026-08-28T10:17:25.106986,v1.0-week3,2016-06-17 20:48:00,40.714292,-73.938737,40.769641,-74.000156,3,155.98,2.6
2026-08-28T10:17:25.108535,v1.0-week3,2016-06-17 05:38:00,40.715913,-73.992609,40.712924,-73.93465,3,60,1.0
2026-08-28T10:17:25.109927,v1.0-week3,2016-06-01 17:38:00,40.725932,-74.028052,40.774328,-73.942128,2,1102.81,18.38
2026-08-28T10:17:25.110945,v1.0-week3,2016-06-08 13:03:00,40.71927,-73.973264,40.706301,-73.956809,1,782.29,13.04
2026-08-28T10:17:25.112413,v1.0-week3,2016-06-25 18:34:00,40.761267,-74.017161,40.738023,-73.97502,2,1473.94,24.57
2026-08-28T10:17:25.113680,v1.0-week3,2016-06-17 13:55:00,40.748528,-73.933564,40.774313,-73.954473,3,139.31,2.32
2026-08-28T10:17:25.114696,v1.0-week3,2016-06-07 01:45:00,40.724937,-73.930485,40.75199,-73.98619,3,152.55,2.54
2026-08-28T10:17:25.115986,v1.0-week3,2016-06-15 14:07:00,40.719832,-74.023597,40.701683,-73.974608,3,518.05,8.63
2026-08-28T10:17:25.118325,v1.0-week3,2016-06-08 12:00:00,40.705679,-73.96689,40.718315,-73.939458,2,223.42,3.72
2026-08-28T10:17:25.119507,v1.0-week3,2016-06-03 05:32:00,40.71904,-73.963102,40.717139,-74.016769,3,137.96,2.3
2026-08-28T10:17:25.120502,v1.0-week3,2016-06-19 21:30:00,40.71944,-73.982703,40.732565,-74.020567,3,968.5,16.14
2026-08-28T10:17:25.121718,v1.0-week3,2016-06-14 20:22:00,40.733886,-73.983298,40.758326,-73.962664,3,354.39,5.91
2026-08-28T10:17:25.123466,v1.0-week3,2016-06-04 21:03:00,40.73221,-73.99607,40.768934,-74.005134,1,1395.23,23.25
2026-08-28T10:17:25.125100,v1.0-week3,2016-06-18 21:28:00,40.711215,-74.011651,40.73701,-73.942551,1,207.79,3.46
2026-08-28T10:17:25.127801,v1.0-week3,2016-06-15 08:51:00,40.768908,-73.974967,40.704047,-73.930072,1,1312.43,21.87
2026-08-28T10:17:25.128875,v1.0-week3,2016-06-03 20:59:00,40.760285,-74.006362,40.732513,-73.981864,2,607.98,10.13
2026-08-28T10:17:25.130220,v1.0-week3,2016-06-02 12:10:00,40.730318,-73.931469,40.721216,-73.951593,2,381.15,6.35
2026-08-28T10:17:25.131702,v1.0-week3,2016-06-10 10:27:00,40.755727,-73.956949,40.762669,-73.963813,2,553.45,9.22
2026-08-28T10:17:25.133273,v1.0-week3,2016-06-05 14:12:00,40.723737,-73.933129,40.746334,-73.97578,3,177.21,2.95
2026-08-28T10:17:25.134859,v1.0-week3,2016-06-11 22:03:00,40.704011,-73.982321,40.773551,-73.976887,1,88.41,1.47
2026-08-28T10:17:25.136117,v1.0-week3,2016-06-17 09:05:00,40.768107,-74.023148,40.705437,-73.943818,2,650.35,10.84
2026-08-28T10:17:25.138049,v1.0-week3,2016-06-04 13:56:00,40.745574,-73.972108,40.703179,-74.021802,3,529.96,8.83
2026-08-28T10:17:25.140409,v1.0-week3,2016-06-19 07:36:00,40.741823,-73.936529,40.716341,-73.958381,1,808.38,13.47
2026-08-28T10:17:25.142162,v1.0-week3,2016-06-09 08:25:00,40.71047,-73.96545,40.736578,-73.937098,1,1302.01,21.7
2026-08-28T10:17:25.144632,v1.0-week3,2016-06-01 08:29:00,40.749693,-73.973701,40.707998,-73.976237,3,254.82,4.25
2026-08-28T10:17:25.146503,v1.0-week3,2016-06-09 16:08:00,40.774661,-73.941914,40.770342,-73.993047,1,1078.09,17.97
2026-08-28T10:17:25.148314,v1.0-week3,2016-06-15 06:53:00,40.743457,-73.999748,40.778708,-73.94929,3,399.25,6.65
2026-08-28T10:17:25.149782,v1.0-week3,2016-06-01 07:42:00,40.765368,-74.000062,40.753071,-73.936107,1,644.6,10.74
2026-08-28T10:17:25.151730,v1.0-week3,2016-06-09 17:07:00,40.771177,-73.955758,40.712436,-74.001824,1,602.37,10.04
2026-08-28T10:17:25.152983,v1.0-week3,2016-06-23 08:21:00,40.716288,-73.966576,40.721119,-73.981147,1,118.42,1.97
2026-08-28T10:17:25.154166,v1.0-week3,2016-06-03 17:40:00,40.733886,-74.002332,40.700284,-73.952888,3,955.81,15.93
2026-08-28T10:17:25.156038,v1.0-week3,2016-06-09 06:10:00,40.759298,-73.974832,40.734215,-74.029033,1,162.82,2.71
2026-08-28T10:17:25.157321,v1.0-week3,2016-06-23 21:57:00,40.711924,-74.026397,40.729537,-73.974747,2,453.5,7.56
2026-08-28T10:17:25.158619,v1.0-week3,2016-06-05 16:02:00,40.724661,-73.940102,40.76369,-73.94393,2,824.55,13.74
2026-08-28T10:17:25.159871,v1.0-week3,2016-06-07 14:43:00,40.719962,-74.019721,40.762409,-73.941587,2,425.78,7.1
2026-08-28T10:17:25.161342,v1.0-week3,2016-06-20 21:47:00,40.712364,-73.937012,40.769168,-73.932379,1,811.12,13.52
2026-08-28T10:17:25.163108,v1.0-week3,2016-06-14 10:01:00,40.714349,-73.937551,40.762591,-73.988829,3,1292.23,21.54
2026-08-28T10:17:25.165826,v1.0-week3,2016-06-28 21:47:00,40.76486,-74.003319,40.76299,-74.01919,1,779.76,13.0
2026-08-28T10:17:25.167804,v1.0-week3,2016-06-28 16:30:00,40.717795,-73.948341,40.736824,-73.999481,1,796.31,13.27
2026-08-28T10:17:25.168827,v1.0-week3,2016-06-08 00:01:00,40.752803,-73.990153,40.722288,-74.023058,2,739.87,12.33
2026-08-28T10:17:25.170112,v1.0-week3,2016-06-12 00:41:00,40.740752,-73.962048,40.767493,-73.996885,1,643.75,10.73
2026-08-28T10:17:25.171829,v1.0-week3,2016-06-04 17:56:00,40.777632,-74.012143,40.777003,-74.003453,1,129.39,2.16
2026-08-28T10:17:25.172841,v1.0-week3,2016-06-20 17:27:00,40.727655,-73.951357,40.734912,-73.931576,1,132.22,2.2
2026-08-28T10:17:25.173713,v1.0-week3,2016-06-13 18:57:00,40.746127,-74.004528,40.756703,-74.029831,3,1181.53,19.69
2026-08-28T10:17:25.174607,v1.0-week3,2016-06-22 16:46:00,40.775221,-73.956296,40.715763,-73.98687,3,143.81,2.4
2026-08-28T10:17:25.175491,v1.0-week3,2016-06-11 11:39:00,40.725113,-73.945198,40.75758,-73.999968,2,73.9,1.23
2026-08-28T10:17:25.176584,v1.0-week3,2016-06-22 23:26:00,40.726095,-73.960279,40.744353,-74.010816,3,1095.12,18.25
2026-08-28T10:17:25.177935,v1.0-week3,2016-06-13 16:43:00,40.759851,-74.012597,40.745528,-73.989392,1,713.67,11.89
2026-08-28T10:17:25.178987,v1.0-week3,2016-06-10 15:18:00,40.716815,-73.951424,40.748533,-73.997775,2,87.93,1.47
2026-08-28T10:17:25.180417,v1.0-week3,2016-06-15 17:43:00,40.717096,-73.982681,40.772094,-73.950398,1,118.95,1.98
2026-08-28T10:17:25.182755,v1.0-week3,2016-06-22 22:05:00,40.722703,-73.963615,40.749541,-74.020661,1,594.35,9.91
2026-08-28T10:17:25.184401,v1.0-week3,2016-06-22 22:19:00,40.717971,-74.010087,40.701954,-74.005516,2,60,1.0
2026-08-28T10:17:25.186091,v1.0-week3,2016-06-20 20:54:00,40.761479,-73.984458,40.770891,-73.972433,3,71.69,1.19
2026-08-28T10:17:25.188041,v1.0-week3,2016-06-23 14:24:00,40.73955,-74.005602,40.752485,-74.029446,1,738.95,12.32
2026-08-28T10:17:25.189326,v1.0-week3,2016-06-25 15:27:00,40.717507,-73.949589,40.755673,-73.983545,3,699.54,11.66
2026-08-28T10:17:25.192238,v1.0-week3,2016-06-08 23:58:00,40.767867,-73.984354,40.764113,-73.963242,3,583.1,9.72
2026-08-28T10:17:25.194058,v1.0-week3,2016-06-20 20:20:00,40.776003,-73.940857,40.749012,-73.958073,3,1170.0,19.5
2026-08-28T10:17:25.195590,v1.0-week3,2016-06-14 17:53:00,40.772548,-73.985409,40.712733,-73.943851,2,60,1.0
2026-08-28T10:17:25.197357,v1.0-week3,2016-06-09 19:48:00,40.719779,-73.966234,40.761265,-73.97787,3,804.52,13.41
2026-08-28T10:17:25.199682,v1.0-week3,2016-06-08 21:17:00,40.73519,-73.958646,40.718759,-73.996415,3,1137.76,18.96
2026-08-28T10:17:25.202135,v1.0-week3,2016-06-03 19:08:00,40.712066,-73.991696,40.712224,-74.008605,2,1421.12,23.69
2026-08-28T10:17:25.203772,v1.0-week3,2016-06-14 19:21:00,40.743409,-73.988423,40.716547,-73.987986,3,488.82,8.15
2026-08-28T10:17:25.206038,v1.0-week3,2016-06-23 11:01:00,40.768539,-73.953441,40.73043,-74.02941,2,659.93,11.0
2026-08-28T10:17:25.207446,v1.0-week3,2016-06-10 02:48:00,40.731199,-73.940836,40.766858,-73.976178,3,1798.74,29.98
2026-08-28T10:17:25.208515,v1.0-week3,2016-06-18 09:51:00,40.74826,-74.007946,40.717554,-73.986416,1,392.7,6.55
2026-08-28T10:17:25.209690,v1.0-week3,2016-06-13 03:21:00,40.75351,-73.950186,40.757935,-73.945949,1,421.2,7.02
2026-08-28T10:17:25.211722,v1.0-week3,2016-06-20 06:34:00,40.702157,-73.990598,40.745151,-74.02729,3,1497.61,24.96
2026-08-28T10:17:25.213532,v1.0-week3,2016-06-14 08:08:00,40.769348,-74.011827,40.720813,-73.997265,2,224.64,3.74
2026-08-28T10:17:25.215085,v1.0-week3,2016-06-11 04:21:00,40.760898,-73.992087,40.760161,-73.946808,2,2062.89,34.38
2026-08-28T10:17:25.216973,v1.0-week3,2016-06-27 16:05:00,40.737625,-73.955098,40.704167,-73.934808,1,101.19,1.69
2026-08-28T10:17:25.220181,v1.0-week3,2016-06-21 19:04:00,40.762499,-73.964825,40.760339,-73.935039,1,271.02,4.52
2026-08-28T10:17:25.221520,v1.0-week3,2016-06-27 05:01:00,40.749707,-74.006146,40.737885,-74.018561,1,952.93,15.88
2026-08-28T10:17:25.223508,v1.0-week3,2016-06-15 12:44:00,40.720499,-73.99311,40.748471,-73.933627,3,413.62,6.89
2026-08-28T10:17:25.225167,v1.0-week3,2016-06-04 08:49:00,40.765544,-73.933528,40.708648,-74.027432,2,1628.62,27.14
2026-08-28T10:17:25.226422,v1.0-week3,2016-06-19 16:43:00,40.772642,-73.992469,40.775318,-74.010167,3,928.81,15.48
2026-08-28T10:17:25.229204,v1.0-week3,2016-06-23 15:53:00,40.750179,-74.01981,40.761798,-73.944971,3,60.95,1.02
2026-08-28T10:17:25.230398,v1.0-week3,2016-06-26 11:07:00,40.763698,-73.973407,40.703286,-73.976725,3,599.06,9.98
2026-08-28T10:17:25.231718,v1.0-week3,2016-06-12 06:04:00,40.740477,-73.995877,40.767966,-73.947767,1,60,1.0
2026-08-28T10:17:25.232976,v1.0-week3,2016-06-14 07:23:00,40.750847,-73.947129,40.756585,-73.986451,3,60,1.0
2026-08-28T10:17:25.234778,v1.0-week3,2016-06-17 16:41:00,40.721607,-73.94918,40.743054,-73.98165,2,381.5,6.36
2026-08-28T10:17:25.237627,v1.0-week3,2016-06-27 11:46:00,40.747398,-73.99777,40.71964,-73.936538,2,792.73,13.21
2026-08-28T10:17:25.240307,v1.0-week3,2016-06-15 20:15:00,40.760038,-73.973015,40.753455,-73.99636,2,117.73,1.96
2026-08-28T10:17:25.242546,v1.0-week3,2016-06-28 05:20:00,40.714547,-74.008788,40.763827,-73.995966,3,509.88,8.5
2026-08-28T10:17:25.246345,v1.0-week3,2016-06-23 15:56:00,40.722101,-74.028985,40.775845,-74.021439,3,722.27,12.04
2026-08-28T10:17:25.248299,v1.0-week3,2016-06-14 11:31:00,40.744414,-74.005968,40.738087,-73.958816,2,402.63,6.71
2026-08-28T10:17:25.249832,v1.0-week3,2016-06-26 14:01:00,40.707444,-74.00784,40.755343,-73.999379,3,569.8,9.5
2026-08-28T10:17:25.252495,v1.0-week3,2016-06-12 22:30:00,40.744278,-73.995624,40.779731,-73.974961,2,360.23,6.0
2026-08-28T10:17:25.253626,v1.0-week3,2016-06-23 10:29:00,40.721673,-74.00486,40.709652,-74.010742,1,341.31,5.69
2026-08-28T10:17:25.255453,v1.0-week3,2016-06-24 06:34:00,40.77607,-73.960984,40.715323,-73.95614,2,1237.58,20.63
2026-08-28T10:17:25.258702,v1.0-week3,2016-06-24 20:37:00,40.778129,-73.977536,40.72264,-74.019947,1,1110.55,18.51
2026-08-28T10:17:25.260059,v1.0-week3,2016-06-10 09:14:00,40.72887,-73.999773,40.756641,-74.017342,1,884.46,14.74
2026-08-28T10:17:25.261562,v1.0-week3,2016-06-02 19:35:00,40.723371,-73.935591,40.75103,-73.954721,1,614.58,10.24
2026-08-28T10:17:25.263262,v1.0-week3,2016-06-28 11:00:00,40.745925,-73.98306,40.735238,-74.011564,1,315.5,5.26
2026-08-28T10:17:25.265297,v1.0-week3,2016-06-09 21:55:00,40.738218,-73.947788,40.732057,-74.022592,3,563.66,9.39
2026-08-28T10:17:25.266931,v1.0-week3,2016-06-22 18:03:00,40.712138,-73.948886,40.77593,-74.021482,1,407.28,6.79
2026-08-28T10:17:25.268667,v1.0-week3,2016-06-04 21:35:00,40.761155,-73.969368,40.763259,-74.007431,3,1348.92,22.48
2026-08-28T10:17:25.270696,v1.0-week3,2016-06-13 10:28:00,40.77268,-74.000265,40.747082,-73.987117,3,536.95,8.95
2026-08-28T10:17:25.272832,v1.0-week3,2016-06-20 00:03:00,40.74877,-73.955991,40.775807,-74.009221,1,792.28,13.2
2026-08-28T10:17:25.274845,v1.0-week3,2016-06-09 22:42:00,40.706495,-74.006013,40.744159,-74.014347,2,1750.19,29.17
2026-08-28T10:17:25.276994,v1.0-week3,2016-06-15 12:44:00,40.747505,-74.000874,40.718518,-73.959304,3,60,1.0
2026-08-28T10:17:25.278308,v1.0-week3,2016-06-28 17:29:00,40.705694,-74.006658,40.721164,-73.950875,3,1089.26,18.15
2026-08-28T10:17:25.280398,v1.0-week3,2016-06-22 18:51:00,40.774693,-73.987486,40.743565,-73.965237,2,558.53,9.31
2026-08-28T10:17:25.282087,v1.0-week3,2016-06-27 04:09:00,40.705713,-74.013408,40.724609,-73.955104,3,196.23,3.27
2026-08-28T10:17:25.283562,v1.0-week3,2016-06-10 20:28:00,40.709948,-73.961132,40.755979,-73.935732,3,139.29,2.32
2026-08-28T10:17:25.285741,v1.0-week3,2016-06-18 06:31:00,40.735021,-73.970196,40.771154,-73.956547,3,1043.2,17.39
2026-08-28T10:17:25.287854,v1.0-week3,2016-06-09 06:01:00,40.707306,-73.933809,40.766877,-73.97248,1,725.47,12.09
2026-08-28T10:17:25.289830,v1.0-week3,2016-06-25 05:43:00,40.765714,-73.972375,40.761049,-74.012481,3,983.54,16.39
2026-08-28T10:17:25.290903,v1.0-week3,2016-06-21 05:28:00,40.773286,-74.011851,40.746826,-73.966522,2,60,1.0
2026-08-28T10:17:25.292659,v1.0-week3,2016-06-03 19:30:00,40.727837,-73.996669,40.753611,-73.944227,2,330.17,5.5
2026-08-28T10:17:25.294609,v1.0-week3,2016-06-14 05:44:00,40.739638,-73.963742,40.732036,-73.95395,1,881.21,14.69
2026-08-28T10:17:25.296198,v1.0-week3,2016-06-15 12:05:00,40.725161,-73.997673,40.777615,-73.989582,3,450.23,7.5
2026-08-28T10:17:25.297434,v1.0-week3,2016-06-27 13:00:00,40.752613,-73.975741,40.73306,-74.011242,2,749.64,12.49
2026-08-28T10:17:25.299691,v1.0-week3,2016-06-20 18:48:00,40.739879,-73.985796,40.704129,-74.003294,1,899.45,14.99
2026-08-28T10:17:25.302103,v1.0-week3,2016-06-10 11:28:00,40.770468,-73.981529,40.70231,-73.966998,1,980.23,16.34
2026-08-28T10:17:25.304259,v1.0-week3,2016-06-23 08:10:00,40.72486,-74.028633,40.732639,-74.00753,1,717.08,11.95
2026-08-28T10:17:25.306594,v1.0-week3,2016-06-15 23:07:00,40.751817,-74.014603,40.774612,-74.000814,3,627.32,10.46
2026-08-28T10:17:25.308896,v1.0-week3,2016-06-09 22:26:00,40.766778,-73.931976,40.719498,-73.974873,2,1913.45,31.89
2026-08-28T10:17:25.311077,v1.0-week3,2016-06-07 17:58:00,40.74795,-73.955371,40.710921,-74.023019,2,1774.63,29.58
2026-08-28T10:17:25.314414,v1.0-week3,2016-06-11 15:59:00,40.763017,-74.003283,40.700205,-73.957395,3,615.88,10.26
2026-08-28T10:17:25.318761,v1.0-week3,2016-06-19 16:42:00,40.739171,-74.01514,40.743086,-73.995488,3,114.67,1.91
2026-08-28T10:17:25.321175,v1.0-week3,2016-06-25 13:34:00,40.730177,-73.936715,40.769568,-73.931923,1,1086.78,18.11
2026-08-28T10:17:25.323093,v1.0-week3,2016-06-19 05:24:00,40.718685,-73.952446,40.703492,-73.955529,3,922.47,15.37
2026-08-28T10:17:25.324598,v1.0-week3,2016-06-26 10:24:00,40.730886,-73.963631,40.76566,-73.931918,2,996.24,16.6
2026-08-28T10:17:25.329203,v1.0-week3,2016-06-02 07:08:00,40.740183,-73.970982,40.769576,-73.942581,2,199.89,3.33
2026-08-28T10:17:25.331399,v1.0-week3,2016-06-04 21:33:00,40.772835,-74.028465,40.711532,-73.942907,1,561.19,9.35
2026-08-28T10:17:25.334316,v1.0-week3,2016-06-03 19:30:00,40.762522,-74.003498,40.749861,-73.990252,1,171.23,2.85
2026-08-28T10:17:25.335849,v1.0-week3,2016-06-28 22:21:00,40.768187,-73.944066,40.730401,-73.998334,3,789.73,13.16
2026-08-28T10:17:25.339346,v1.0-week3,2016-06-25 13:31:00,40.769791,-74.02641,40.705474,-73.966884,2,60,1.0
2026-08-28T10:17:25.340970,v1.0-week3,2016-06-08 04:47:00,40.70723,-73.932166,40.76083,-73.959611,1,782.08,13.03
2026-08-28T10:17:25.344545,v1.0-week3,2016-06-15 23:10:00,40.75552,-73.939658,40.703679,-73.950386,2,624.94,10.42
2026-08-28T10:17:25.346899,v1.0-week3,2016-06-12 18:23:00,40.734455,-74.00558,40.732964,-73.96182,1,348.59,5.81
2026-08-28T10:17:25.349991,v1.0-week3,2016-06-06 06:11:00,40.706317,-73.942916,40.749577,-74.005917,3,717.19,11.95
2026-08-28T10:17:25.352148,v1.0-week3,2016-06-05 08:14:00,40.736892,-74.004602,40.720426,-74.02906,2,1303.41,21.72
2026-08-28T10:17:25.355275,v1.0-week3,2016-06-10 11:43:00,40.743728,-74.022614,40.775619,-73.931235,2,759.72,12.66
2026-08-28T10:17:25.358122,v1.0-week3,2016-06-21 14:27:00,40.755225,-73.984316,40.72417,-73.930063,2,776.37,12.94
2026-08-28T10:17:25.360572,v1.0-week3,2016-06-04 20:15:00,40.730509,-73.994104,40.72367,-73.960072,1,1874.42,31.24
2026-08-28T10:17:25.362637,v1.0-week3,2016-06-27 20:42:00,40.731664,-74.02919,40.769205,-73.952169,1,73.85,1.23
2026-08-28T10:17:25.364035,v1.0-week3,2016-06-20 02:47:00,40.739738,-73.939584,40.722896,-73.950114,3,1061.44,17.69
2026-08-28T10:17:25.365308,v1.0-week3,2016-06-26 17:22:00,40.71752,-74.010987,40.72005,-73.954442,3,356.68,5.94
2026-08-28T10:17:25.367822,v1.0-week3,2016-06-22 00:53:00,40.710942,-74.020284,40.750197,-74.026058,2,1104.28,18.4
2026-08-28T10:17:25.371094,v1.0-week3,2016-06-02 11:37:00,40.729189,-74.016859,40.77277,-73.997328,2,1105.4,18.42
2026-08-28T10:17:25.373656,v1.0-week3,2016-06-06 10:12:00,40.710573,-73.976059,40.777719,-73.976915,2,1461.96,24.37
2026-08-28T10:17:25.375114,v1.0-week3,2016-06-27 12:10:00,40.720558,-73.947531,40.738548,-73.949351,3,1186.75,19.78
2026-08-28T10:17:25.376237,v1.0-week3,2016-06-28 22:21:00,40.764339,-73.983167,40.706024,-73.954585,1,86.67,1.44
2026-08-28T10:17:25.378514,v1.0-week3,2016-06-28 13:43:00,40.757937,-73.932006,40.777382,-73.949541,2,639.93,10.67
2026-08-28T10:17:25.380878,v1.0-week3,2016-06-03 10:50:00,40.731566,-74.003554,40.709887,-73.993141,3,130.18,2.17
2026-08-28T10:17:25.382026,v1.0-week3,2016-06-22 05:16:00,40.746765,-73.947758,40.775223,-74.019165,1,119.26,1.99
2026-08-28T10:17:25.384791,v1.0-week3,2016-06-16 10:01:00,40.749564,-73.935683,40.726241,-73.968992,3,641.53,10.69
2026-08-28T10:17:25.387865,v1.0-week3,2016-06-03 17:40:00,40.765908,-73.939061,40.724175,-73.98917,1,341.41,5.69
2026-08-28T10:17:25.389620,v1.0-week3,2016-06-02 03:02:00,40.724349,-73.980738,40.707775,-73.941274,1,275.74,4.6
2026-08-28T10:17:25.392261,v1.0-week3,2016-06-13 07:29:00,40.729681,-73.935062,40.755719,-73.975981,3,78.51,1.31
2026-08-28T10:17:25.393524,v1.0-week3,2016-06-24 11:46:00,40.712362,-73.988512,40.707922,-73.981065,2,1717.63,28.63
2026-08-28T10:17:25.396004,v1.0-week3,2016-06-09 03:02:00,40.755222,-74.008273,40.735576,-74.006389,2,978.62,16.31
2026-08-28T10:17:25.399796,v1.0-week3,2016-06-04 05:43:00,40.729387,-73.93983,40.751586,-74.023945,2,543.26,9.05
2026-08-28T10:17:25.401353,v1.0-week3,2016-06-07 19:07:00,40.775921,-73.947581,40.707334,-74.008789,3,243.05,4.05
2026-08-28T10:17:25.404659,v1.0-week3,2016-06-20 08:01:00,40.704046,-73.996649,40.779106,-73.951302,1,327.61,5.46
2026-08-28T10:17:25.405832,v1.0-week3,2016-06-03 16:53:00,40.761213,-74.009284,40.717276,-73.94303,2,138.07,2.3
2026-08-28T10:17:25.408778,v1.0-week3,2016-06-25 18:09:00,40.763092,-73.970402,40.722182,-73.931597,1,959.59,15.99
2026-08-28T10:17:25.410985,v1.0-week3,2016-06-18 14:16:00,40.763881,-74.019007,40.769316,-74.01682,2,94.77,1.58
2026-08-28T10:17:25.412595,v1.0-week3,2016-06-26 12:50:00,40.719035,-73.997623,40.71394,-74.02476,3,102.21,1.7
2026-08-28T10:17:25.416062,v1.0-week3,2016-06-14 09:33:00,40.709092,-74.023644,40.735862,-73.993796,3,512.04,8.53
2026-08-28T10:17:25.418788,v1.0-week3,2016-06-04 10:28:00,40.740307,-73.935458,40.703469,-73.951677,3,193.52,3.23
2026-08-28T10:17:25.421384,v1.0-week3,2016-06-17 06:19:00,40.736643,-73.933597,40.704866,-73.982102,2,795.6,13.26
2026-08-28T10:17:25.422879,v1.0-week3,2016-06-14 17:43:00,40.708637,-73.95876,40.735485,-73.940073,2,703.55,11.73
2026-08-28T10:17:25.424453,v1.0-week3,2016-06-20 05:09:00,40.705255,-74.002498,40.750646,-73.975164,2,2004.95,33.42
2026-08-28T10:17:25.427863,v1.0-week3,2016-06-13 18:38:00,40.742445,-73.984628,40.748434,-74.020082,3,78.58,1.31
2026-08-28T10:17:25.429893,v1.0-week3,2016-06-04 09:54:00,40.752377,-73.942229,40.744107,-73.943451,2,1319.44,21.99
2026-08-28T10:17:25.431376,v1.0-week3,2016-06-15 15:56:00,40.718279,-73.996107,40.73628,-73.988401,1,123.78,2.06
2026-08-28T10:17:25.434308,v1.0-week3,2016-06-11 06:27:00,40.725002,-74.004511,40.776287,-73.961318,2,326.02,5.43
2026-08-28T10:17:25.437667,v1.0-week3,2016-06-03 07:05:00,40.766542,-74.020677,40.707725,-73.95612,1,236.8,3.95
2026-08-28T10:17:25.439474,v1.0-week3,2016-06-18 07:03:00,40.746917,-73.973841,40.726372,-74.017777,2,131.08,2.18
2026-08-28T10:17:25.442972,v1.0-week3,2016-06-28 23:42:00,40.77529,-73.987706,40.773267,-74.024855,2,431.41,7.19
2026-08-28T10:17:25.444973,v1.0-week3,2016-06-20 22:19:00,40.728132,-73.972208,40.717019,-73.964326,1,768.04,12.8
2026-08-28T10:17:25.447065,v1.0-week3,2016-06-28 08:06:00,40.728009,-73.974373,40.709191,-74.002143,1,840.06,14.0
2026-08-28T10:17:25.449319,v1.0-week3,2016-06-26 21:27:00,40.767612,-73.932545,40.765474,-73.968643,3,1856.55,30.94
2026-08-28T10:17:25.451374,v1.0-week3,2016-06-18 09:01:00,40.74872,-73.964217,40.755478,-74.027105,2,283.69,4.73
2026-08-28T10:17:25.453076,v1.0-week3,2016-06-23 10:48:00,40.724719,-73.996018,40.700488,-73.943014,3,610.85,10.18
2026-08-28T10:17:25.455460,v1.0-week3,2016-06-22 08:25:00,40.705567,-73.955903,40.777745,-74.020824,3,709.87,11.83
2026-08-28T10:17:25.457017,v1.0-week3,2016-06-07 09:24:00,40.733587,-73.99591,40.729604,-73.95784,3,106.06,1.77
2026-08-28T10:17:25.459032,v1.0-week3,2016-06-20 13:05:00,40.770667,-74.014442,40.760355,-74.025024,1,258.32,4.31
2026-08-28T10:17:25.461881,v1.0-week3,2016-06-09 10:28:00,40.752955,-73.981434,40.735364,-74.002683,3,328.92,5.48
2026-08-28T10:17:25.463192,v1.0-week3,2016-06-04 17:22:00,40.734393,-74.001675,40.754279,-73.981337,3,1001.32,16.69
2026-08-28T10:17:25.465305,v1.0-week3,2016-06-10 13:02:00,40.717641,-73.931555,40.704383,-74.009558,1,60,1.0
2026-08-28T10:17:25.467516,v1.0-week3,2016-06-25 21:08:00,40.761133,-74.001055,40.709599,-73.980261,2,790.06,13.17
2026-08-28T10:17:25.468950,v1.0-week3,2016-06-06 22:08:00,40.730417,-73.959633,40.740021,-73.946665,2,986.34,16.44
2026-08-28T10:17:25.470539,v1.0-week3,2016-06-03 19:25:00,40.768941,-74.02577,40.701499,-73.937884,2,782.87,13.05
2026-08-28T10:17:25.472288,v1.0-week3,2016-06-19 07:27:00,40.745872,-73.95905,40.733416,-74.018483,1,422.35,7.04
2026-08-28T10:17:25.475953,v1.0-week3,2016-06-11 19:10:00,40.764106,-73.968187,40.766562,-73.938023,1,905.42,15.09
2026-08-28T10:17:25.478177,v1.0-week3,2016-06-14 11:54:00,40.708469,-73.986432,40.732036,-74.022135,2,525.28,8.75
2026-08-28T10:17:25.480908,v1.0-week3,2016-06-24 19:21:00,40.717726,-73.952088,40.70611,-73.966678,3,60,1.0
2026-08-28T10:17:25.483343,v1.0-week3,2016-06-17 13:12:00,40.772474,-73.995062,40.75819,-73.948105,1,1155.38,19.26
2026-08-28T10:17:25.485355,v1.0-week3,2016-06-08 13:06:00,40.711716,-74.010273,40.748192,-73.953978,3,788.48,13.14
2026-08-28T10:17:25.486780,v1.0-week3,2016-06-03 11:11:00,40.776103,-73.967205,40.737116,-73.973626,3,1122.9,18.72
2026-08-28T10:17:25.488356,v1.0-week3,2016-06-15 16:43:00,40.773932,-73.973551,40.750824,-73.967548,3,158.63,2.64
2026-08-28T10:17:25.489661,v1.0-week3,2016-06-11 06:09:00,40.735181,-73.983108,40.750511,-73.950367,3,978.27,16.3
2026-08-28T10:17:25.492192,v1.0-week3,2016-06-02 14:22:00,40.740587,-73.998959,40.736153,-74.024311,2,735.57,12.26
2026-08-28T10:17:25.494351,v1.0-week3,2016-06-03 07:41:00,40.76914,-73.944471,40.749201,-73.979293,2,60,1.0
2026-08-28T10:17:25.496487,v1.0-week3,2016-06-19 18:35:00,40.776339,-73.956108,40.703282,-73.939095,3,630.47,10.51
2026-08-28T10:17:25.499013,v1.0-week3,2016-06-21 18:12:00,40.725722,-73.982437,40.712069,-74.023813,1,475.03,7.92
2026-08-28T10:17:25.501481,v1.0-week3,2016-06-26 19:57:00,40.76699,-73.931761,40.706746,-73.965387,1,409.88,6.83
2026-08-28T10:17:25.503078,v1.0-week3,2016-06-08 19:45:00,40.735021,-73.986058,40.74182,-74.014125,2,347.55,5.79
2026-08-28T10:17:25.504697,v1.0-week3,2016-06-10 17:24:00,40.732702,-73.996163,40.747831,-73.951077,3,1185.78,19.76
2026-08-28T10:17:25.506079,v1.0-week3,2016-06-11 17:04:00,40.726375,-73.974204,40.730925,-74.0048,3,106.86,1.78
2026-08-28T10:17:25.508338,v1.0-week3,2016-06-20 10:55:00,40.71203,-74.02185,40.753089,-73.938325,2,179.76,3.0
2026-08-28T10:17:25.510604,v1.0-week3,2016-06-21 13:44:00,40.752971,-74.017105,40.756707,-74.021528,3,878.55,14.64
2026-08-28T10:17:25.511789,v1.0-week3,2016-06-13 15:41:00,40.763333,-73.948682,40.753609,-73.947104,3,723.79,12.06
2026-08-28T10:17:25.513124,v1.0-week3,2016-06-22 17:58:00,40.742111,-73.965398,40.733873,-73.993817,2,766.74,12.78
2026-08-28T10:17:25.515931,v1.0-week3,2016-06-10 07:11:00,40.776094,-73.995827,40.761292,-74.010799,1,1750.09,29.17
2026-08-28T10:17:25.517038,v1.0-week3,2016-06-05 12:04:00,40.723663,-73.951188,40.740615,-73.976023,3,727.81,12.13
2026-08-28T10:17:25.518631,v1.0-week3,2016-06-17 21:02:00,40.752954,-73.942361,40.749443,-73.970275,1,82.45,1.37
2026-08-28T10:17:25.519746,v1.0-week3,2016-06-06 23:11:00,40.766508,-73.95289,40.764723,-74.013446,2,2067.23,34.45
2026-08-28T10:17:25.521854,v1.0-week3,2016-06-02 12:26:00,40.729144,-73.958041,40.777567,-73.96894,3,505.42,8.42
2026-08-28T10:17:25.523036,v1.0-week3,2016-06-26 19:28:00,40.71872,-74.006083,40.777248,-73.951563,1,955.51,15.93
2026-08-28T10:17:25.526026,v1.0-week3,2016-06-12 21:43:00,40.77577,-73.931556,40.736934,-74.001823,2,60,1.0
2026-08-28T10:17:25.528880,v1.0-week3,2016-06-17 18:33:00,40.733493,-74.013794,40.715976,-73.969534,2,74.36,1.24
2026-08-28T10:17:25.531619,v1.0-week3,2016-06-02 13:41:00,40.738447,-73.992879,40.774743,-73.95886,3,465.71,7.76
2026-08-28T10:17:25.533840,v1.0-week3,2016-06-28 13:07:00,40.722805,-73.953688,40.721823,-73.939469,1,1058.64,17.64
2026-08-28T10:17:25.535289,v1.0-week3,2016-06-27 11:27:00,40.707337,-73.93895,40.765336,-73.941537,1,1718.51,28.64
2026-08-28T10:17:25.536480,v1.0-week3,2016-06-14 00:03:00,40.731716,-73.992604,40.730893,-74.021839,1,121.0,2.02
2026-08-28T10:17:25.538050,v1.0-week3,2016-06-01 22:20:00,40.774466,-73.946082,40.751997,-73.950862,1,402.77,6.71
2026-08-28T10:17:25.539859,v1.0-week3,2016-06-02 05:18:00,40.773392,-73.982755,40.766489,-73.954116,2,629.09,10.48
2026-08-28T10:17:25.543189,v1.0-week3,2016-06-15 15:39:00,40.70042,-74.022077,40.720474,-73.946504,3,625.53,10.43
2026-08-28T10:17:25.544440,v1.0-week3,2016-06-24 08:38:00,40.742222,-74.018881,40.723048,-73.999885,1,564.42,9.41
2026-08-28T10:17:25.545347,v1.0-week3,2016-06-08 07:26:00,40.751116,-73.967719,40.705025,-73.946331,2,568.32,9.47
2026-08-28T10:17:25.546281,v1.0-week3,2016-06-20 15:34:00,40.701315,-73.978462,40.719355,-74.015642,2,1234.47,20.57
2026-08-28T10:17:25.548286,v1.0-week3,2016-06-01 12:39:00,40.728225,-73.972934,40.714985,-73.963179,3,1190.11,19.84
2026-08-28T10:17:25.550011,v1.0-week3,2016-06-12 07:04:00,40.776272,-73.975592,40.762913,-73.979238,1,765.64,12.76
2026-08-28T10:17:25.551004,v1.0-week3,2016-06-13 22:55:00,40.737611,-73.966433,40.778483,-74.004635,1,60,1.0
2026-08-28T10:17:25.552310,v1.0-week3,2016-06-12 16:50:00,40.705405,-74.005887,40.752568,-74.019634,3,413.09,6.88
2026-08-28T10:17:25.553897,v1.0-week3,2016-06-24 07:48:00,40.726601,-74.025566,40.743681,-73.948649,1,1217.6,20.29
2026-08-28T10:17:25.554909,v1.0-week3,2016-06-27 02:49:00,40.754775,-73.931918,40.738282,-74.011772,1,182.41,3.04
2026-08-28T10:17:25.556489,v1.0-week3,2016-06-03 17:45:00,40.762095,-73.984232,40.723475,-74.025619,1,355.88,5.93
2026-08-28T10:17:25.558027,v1.0-week3,2016-06-02 16:20:00,40.77467,-73.978462,40.77913,-73.975697,2,409.77,6.83
2026-08-28T10:17:25.558998,v1.0-week3,2016-06-02 08:48:00,40.751752,-74.001389,40.768971,-74.02522,3,1042.57,17.38
2026-08-28T10:17:25.561070,v1.0-week3,2016-06-11 19:17:00,40.709958,-73.993198,40.771159,-73.955669,2,1477.46,24.62
2026-08-28T10:17:25.563705,v1.0-week3,2016-06-11 07:11:00,40.739696,-73.980248,40.773945,-73.978072,1,931.58,15.53
2026-08-28T10:17:25.565050,v1.0-week3,2016-06-24 00:27:00,40.706314,-73.969755,40.765787,-73.975453,2,195.88,3.26
2026-08-28T10:17:25.566695,v1.0-week3,2016-06-04 21:05:00,40.726234,-74.000436,40.735673,-73.958234,1,390.46,6.51
2026-08-28T10:17:25.567884,v1.0-week3,2016-06-23 08:28:00,40.728124,-74.025764,40.769603,-73.994744,2,1248.21,20.8
2026-08-28T10:17:25.569239,v1.0-week3,2016-06-09 09:40:00,40.778402,-73.93521,40.706003,-73.966249,2,195.29,3.25
2026-08-28T10:17:25.570549,v1.0-week3,2016-06-17 14:51:00,40.759992,-74.014001,40.702491,-73.945133,3,60,1.0
2026-08-28T10:17:25.573323,v1.0-week3,2016-06-26 22:28:00,40.702784,-74.023277,40.762281,-73.993367,2,339.08,5.65
2026-08-28T10:17:25.574367,v1.0-week3,2016-06-19 20:02:00,40.748408,-73.962094,40.775906,-73.992799,1,1159.62,19.33
2026-08-28T10:17:25.577194,v1.0-week3,2016-06-19 19:08:00,40.742357,-73.990197,40.751965,-74.005039,1,412.89,6.88
2026-08-28T10:17:25.578503,v1.0-week3,2016-06-01 09:47:00,40.714884,-73.978225,40.773083,-74.018224,2,1862.16,31.04
2026-08-28T10:17:25.580452,v1.0-week3,2016-06-23 08:28:00,40.717166,-73.968812,40.755518,-73.930137,1,703.5,11.73
2026-08-28T10:17:25.581789,v1.0-week3,2016-06-04 23:08:00,40.768226,-73.984796,40.771894,-73.985489,1,96.05,1.6
2026-08-28T10:17:25.582867,v1.0-week3,2016-06-26 09:43:00,40.777405,-73.931343,40.753427,-73.959046,3,669.78,11.16
2026-08-28T10:17:25.585505,v1.0-week3,2016-06-18 09:18:00,40.771307,-73.944864,40.756945,-73.937268,3,1781.37,29.69
2026-08-28T10:17:25.587521,v1.0-week3,2016-06-06 19:50:00,40.728919,-74.007576,40.778811,-73.950793,1,821.03,13.68
2026-08-28T10:17:25.589033,v1.0-week3,2016-06-26 15:31:00,40.702103,-73.974598,40.729513,-73.949634,3,120.62,2.01
2026-08-28T10:17:25.590920,v1.0-week3,2016-06-05 21:39:00,40.77074,-74.023425,40.731853,-73.958307,2,60,1.0
2026-08-28T10:17:25.594086,v1.0-week3,2016-06-17 14:26:00,40.761533,-73.947666,40.7059,-73.932762,3,436.92,7.28
2026-08-28T10:17:25.595111,v1.0-week3,2016-06-03 15:28:00,40.737267,-73.978264,40.710267,-73.947095,3,193.57,3.23
2026-08-28T10:17:25.597496,v1.0-week3,2016-06-21 09:37:00,40.714557,-73.933374,40.734609,-73.938929,1,1314.63,21.91
2026-08-28T10:17:25.598737,v1.0-week3,2016-06-27 09:07:00,40.741448,-73.999588,40.712957,-73.936526,1,247.94,4.13
2026-08-28T10:17:25.600972,v1.0-week3,2016-06-12 16:33:00,40.771594,-73.945407,40.720048,-73.966494,3,683.13,11.39
2026-08-28T10:17:25.603031,v1.0-week3,2016-06-09 08:08:00,40.750002,-73.968557,40.707474,-73.965901,3,305.31,5.09
2026-08-28T10:17:25.604291,v1.0-week3,2016-06-19 13:09:00,40.713696,-73.967552,40.77216,-73.996238,3,149.23,2.49
2026-08-28T10:17:25.605434,v1.0-week3,2016-06-02 18:52:00,40.769102,-74.021878,40.775884,-73.952898,2,705.92,11.77
2026-08-28T10:17:25.606348,v1.0-week3,2016-06-21 17:13:00,40.761357,-73.988341,40.751119,-73.980196,3,65.98,1.1
2026-08-28T10:17:25.607952,v1.0-week3,2016-06-18 19:18:00,40.751353,-73.999791,40.71959,-73.949265,2,1030.44,17.17
2026-08-28T10:17:25.608977,v1.0-week3,2016-06-10 09:29:00,40.705838,-74.024009,40.735168,-73.981575,1,158.65,2.64
2026-08-28T10:17:25.612224,v1.0-week3,2016-06-11 06:38:00,40.711493,-73.943851,40.725545,-73.931198,2,614.91,10.25
2026-08-28T10:17:25.613830,v1.0-week3,2016-06-13 07:08:00,40.760853,-73.978502,40.708495,-74.005826,1,1220.41,20.34
2026-08-28T10:17:25.614759,v1.0-week3,2016-06-09 18:28:00,40.719834,-74.020319,40.723217,-73.991585,3,996.41,16.61
2026-08-28T10:17:25.616051,v1.0-week3,2016-06-14 17:15:00,40.777015,-73.939769,40.765078,-73.936625,3,403.99,6.73
2026-08-28T10:17:25.617260,v1.0-week3,2016-06-11 13:12:00,40.76105,-73.980173,40.741178,-73.980124,2,871.39,14.52
2026-08-28T10:17:25.618624,v1.0-week3,2016-06-16 07:01:00,40.707204,-73.990676,40.736578,-74.005927,3,1083.95,18.07
2026-08-28T10:17:25.621394,v1.0-week3,2016-06-12 02:03:00,40.704043,-73.980511,40.770587,-73.964574,2,153.19,2.55
2026-08-28T10:17:25.622874,v1.0-week3,2016-06-10 21:34:00,40.700654,-74.01925,40.710715,-74.003553,2,1244.4,20.74
2026-08-28T10:17:25.624964,v1.0-week3,2016-06-25 19:25:00,40.729275,-73.989942,40.745623,-74.010534,3,1111.8,18.53
2026-08-28T10:17:25.628263,v1.0-week3,2016-06-10 03:04:00,40.730908,-73.984965,40.743989,-73.947469,3,120.06,2.0
2026-08-28T10:17:25.629358,v1.0-week3,2016-06-22 06:39:00,40.709505,-73.932492,40.731512,-73.95051,2,714.43,11.91
2026-08-28T10:17:25.631071,v1.0-week3,2016-06-18 10:23:00,40.760397,-74.010094,40.74073,-73.979992,1,481.65,8.03
2026-08-28T10:17:25.632598,v1.0-week3,2016-06-02 10:08:00,40.757087,-73.949603,40.741547,-74.015106,3,1438.41,23.97
2026-08-28T10:17:25.634999,v1.0-week3,2016-06-05 10:20:00,40.774509,-73.998147,40.731436,-73.96835,2,1120.39,18.67
2026-08-28T10:17:25.637077,v1.0-week3,2016-06-19 16:21:00,40.740585,-73.979029,40.739188,-73.973708,2,729.04,12.15
2026-08-28T10:17:25.638942,v1.0-week3,2016-06-27 22:01:00,40.729469,-73.962619,40.778392,-73.97163,3,1260.72,21.01
2026-08-28T10:17:25.640480,v1.0-week3,2016-06-28 12:44:00,40.750341,-73.970309,40.721242,-73.964441,3,1880.21,31.34
2026-08-28T10:17:25.643291,v1.0-week3,2016-06-08 18:46:00,40.704108,-73.981955,40.741939,-73.957882,2,4461.6,74.36
2026-08-28T10:17:25.645008,v1.0-week3,2016-06-27 08:43:00,40.719376,-73.972743,40.756042,-74.010922,2,7464.57,124.41
2026-08-28T10:17:25.646227,v1.0-week3,2016-06-14 09:09:00,40.733037,-74.009611,40.740146,-73.968852,2,4293.89,71.56
2026-08-28T10:17:25.647492,v1.0-week3,2016-06-24 19:03:00,40.756462,-73.978132,40.744871,-73.930188,2,2738.64,45.64
2026-08-28T10:17:25.648818,v1.0-week3,2016-06-13 18:20:00,40.776535,-73.984034,40.74265,-73.975373,2,3301.24,55.02
2026-08-28T10:17:25.650229,v1.0-week3,2016-06-16 18:12:00,40.776587,-74.002099,40.72388,-73.935851,2,4972.61,82.88
2026-08-28T10:17:25.651903,v1.0-week3,2016-06-23 09:13:00,40.755219,-73.9811,40.738384,-73.973951,2,7361.0,122.68
2026-08-28T10:17:25.654246,v1.0-week3,2016-06-04 09:36:00,40.75413,-73.992031,40.778413,-73.948162,1,6549.24,109.15
2026-08-28T10:17:25.655805,v1.0-week3,2016-06-02 09:18:00,40.776425,-74.022097,40.773921,-73.964403,2,5001.84,83.36
2026-08-28T10:17:25.657672,v1.0-week3,2016-06-07 08:52:00,40.743086,-73.936698,40.755694,-74.016273,1,3249.53,54.16
2026-08-28T10:17:25.658799,v1.0-week3,2016-06-02 08:42:00,40.772415,-74.007433,40.718627,-74.01998,2,5325.42,88.76
2026-08-28T10:17:25.659859,v1.0-week3,2016-06-16 19:06:00,40.754495,-74.016253,40.777162,-73.932209,1,5757.31,95.96
2026-08-28T10:17:25.660865,v1.0-week3,2016-06-21 17:59:00,40.770452,-73.98243,40.752043,-73.954409,2,3915.9,65.26
2026-08-28T10:17:25.661936,v1.0-week3,2016-06-10 09:41:00,40.704733,-73.953128,40.752184,-74.006778,1,3936.32,65.61
2026-08-28T10:17:25.662906,v1.0-week3,2016-06-14 08:56:00,40.767008,-73.936608,40.702907,-73.94638,2,4122.86,68.71
2026-08-28T10:17:25.664832,v1.0-week3,2016-06-24 08:55:00,40.774083,-73.942326,40.700741,-73.973204,1,7204.32,120.07
2026-08-28T10:17:25.666262,v1.0-week3,2016-06-10 09:29:00,40.779128,-73.97567,40.739513,-73.936144,2,3724.8,62.08
2026-08-28T10:17:25.668775,v1.0-week3,2016-06-07 09:51:00,40.709012,-74.013751,40.736713,-74.004274,1,4192.39,69.87
2026-08-28T10:17:25.670439,v1.0-week3,2016-06-24 07:21:00,40.763261,-73.973222,40.760583,-74.012451,2,5142.79,85.71
2026-08-28T10:17:25.672966,v1.0-week3,2016-06-17 17:20:00,40.706939,-73.963074,40.714782,-74.015939,2,7691.51,128.19
2026-08-28T10:17:25.673922,v1.0-week3,2016-06-01 08:16:00,40.730686,-73.985326,40.72136,-73.997037,1,3973.01,66.22
2026-08-28T10:17:25.674791,v1.0-week3,2016-06-21 09:23:00,40.755421,-74.023788,40.709458,-73.999319,2,5497.52,91.63
2026-08-28T10:17:25.677920,v1.0-week3,2016-06-17 19:59:00,40.771609,-73.959644,40.724878,-74.018258,2,6294.9,104.91
2026-08-28T10:17:25.680119,v1.0-week3,2016-06-20 09:14:00,40.71753,-74.016643,40.712255,-73.955227,2,4621.09,77.02
2026-08-28T10:17:25.681285,v1.0-week3,2016-06-23 17:35:00,40.773024,-73.954265,40.76416,-73.94744,1,2705.38,45.09
2026-08-28T10:17:25.683119,v1.0-week3,2016-06-25 19:38:00,40.769851,-74.021813,40.73574,-73.959623,1,5162.34,86.04
2026-08-28T10:17:25.684735,v1.0-week3,2016-06-04 18:03:00,40.766302,-73.939711,40.716173,-73.976334,1,4198.68,69.98
2026-08-28T10:17:25.685812,v1.0-week3,2016-06-28 09:33:00,40.735347,-73.96197,40.757353,-73.981117,2,5116.33,85.27
2026-08-28T10:17:25.686951,v1.0-week3,2016-06-15 07:08:00,40.74106,-73.98432,40.704619,-73.983762,2,8979.39,149.66
2026-08-28T10:17:25.688172,v1.0-week3,2016-06-01 19:25:00,40.720357,-74.029698,40.717432,-74.022697,2,4342.2,72.37
2026-08-28T10:17:25.689133,v1.0-week3,2016-06-23 09:04:00,40.743293,-74.023974,40.771537,-73.931386,2,6312.63,105.21
2026-08-28T10:17:25.690572,v1.0-week3,2016-06-10 07:26:00,40.714399,-74.016457,40.751322,-73.957071,2,5891.17,98.19
2026-08-28T10:17:25.692226,v1.0-week3,2016-06-13 09:28:00,40.76957,-73.939323,40.730052,-73.961727,1,6078.09,101.3
2026-08-28T10:17:25.693549,v1.0-week3,2016-06-28 19:22:00,40.709491,-73.930715,40.731445,-74.017265,1,6373.64,106.23
2026-08-28T10:17:25.694483,v1.0-week3,2016-06-25 07:01:00,40.778279,-73.9837,40.757528,-73.987587,2,6846.99,114.12
2026-08-28T10:17:25.695701,v1.0-week3,2016-06-08 08:29:00,40.727693,-74.002435,40.774993,-73.957498,1,7289.3,121.49
2026-08-28T10:17:25.696907,v1.0-week3,2016-06-26 07:42:00,40.733539,-73.953395,40.770701,-74.028435,1,4750.22,79.17
2026-08-28T10:17:25.698846,v1.0-week3,2016-06-04 07:38:00,40.702686,-73.970222,40.756263,-74.025132,1,6832.38,113.87
2026-08-28T10:17:25.700018,v1.0-week3,2016-06-15 17:14:00,40.743181,-73.954561,40.762085,-74.015986,2,5542.68,92.38
2026-08-28T10:17:25.702032,v1.0-week3,2016-06-27 08:58:00,40.758521,-73.99811,40.747833,-73.962747,2,5199.41,86.66
2026-08-28T10:17:25.703845,v1.0-week3,2016-06-10 08:56:00,40.711461,-73.963979,40.717683,-73.99995,1,5311.33,88.52
2026-08-28T10:17:25.705465,v1.0-week3,2016-06-19 18:56:00,40.758817,-74.012487,40.7543,-73.974415,1,2913.78,48.56
2026-08-28T10:17:25.706461,v1.0-week3,2016-06-21 09:42:00,40.730492,-73.977554,40.755705,-73.989174,2,6292.37,104.87
2026-08-28T10:17:25.707863,v1.0-week3,2016-06-06 17:48:00,40.743034,-74.005903,40.718028,-73.944246,1,4533.85,75.56
2026-08-28T10:17:25.708924,v1.0-week3,2016-06-02 17:35:00,40.733014,-73.988349,40.742399,-73.991158,2,5588.31,93.14
2026-08-28T10:17:25.710007,v1.0-week3,2016-06-11 08:41:00,40.706326,-73.985021,40.729686,-73.976436,1,4881.01,81.35
2026-08-28T10:17:25.711277,v1.0-week3,2016-06-09 07:24:00,40.753894,-73.969708,40.76989,-74.011184,1,5995.03,99.92
2026-08-28T10:17:25.712328,v1.0-week3,2016-06-07 17:55:00,40.772563,-73.999681,40.77272,-74.008819,1,4309.0,71.82
2026-08-28T10:17:25.713367,v1.0-week3,2016-06-04 19:47:00,40.779966,-73.982108,40.719407,-73.96956,1,6594.63,109.91
2026-08-28T10:17:25.714932,v1.0-week3,2016-06-08 17:35:00,40.725729,-74.001694,40.7373,-73.965128,2,5128.74,85.48
2026-08-28T10:17:25.716513,v1.0-week3,2016-06-12 09:32:00,40.770625,-73.9834,40.764225,-73.957759,2,6729.29,112.15
2026-08-28T10:17:25.717569,v1.0-week3,2016-06-12 08:20:00,40.733114,-73.973748,40.717702,-74.015408,2,4150.99,69.18
2026-08-28T10:17:25.718612,v1.0-week3,2016-06-19 18:37:00,40.757601,-74.000481,40.715695,-74.006998,1,7496.95,124.95
2026-08-28T10:17:25.719608,v1.0-week3,2016-06-18 17:41:00,40.775477,-73.996244,40.761069,-73.981138,2,4337.42,72.29
2026-08-28T10:17:25.725043,v1.0-week3,2016-06-06 17:46:00,40.763598,-74.013073,40.757625,-73.981168,1,2419.32,40.32
2026-08-28T10:17:25.726246,v1.0-week3,2016-06-02 18:53:00,40.767736,-73.935481,40.753457,-73.953566,2,5643.78,94.06
2026-08-28T10:17:25.728558,v1.0-week3,2016-06-27 08:40:00,40.718515,-73.959283,40.700731,-73.979427,2,3451.03,57.52
2026-08-28T10:17:25.730813,v1.0-week3,2016-06-20 07:40:00,40.75334,-73.968348,40.738656,-73.981215,1,5322.39,88.71
2026-08-28T10:17:25.731844,v1.0-week3,2016-06-18 18:26:00,40.700948,-73.977058,40.721979,-73.932252,1,3056.21,50.94
2026-08-28T10:17:25.733980,v1.0-week3,2016-06-27 18:44:00,40.753923,-73.949383,40.772782,-74.019298,1,6028.42,100.47
2026-08-28T10:17:25.736028,v1.0-week3,2016-06-05 18:15:00,40.715355,-73.977354,40.765217,-74.003268,2,7826.21,130.44
2026-08-28T10:17:25.737826,v1.0-week3,2016-06-12 07:25:00,40.73672,-74.005679,40.755779,-74.000003,1,2476.13,41.27
2026-08-28T10:17:25.739747,v1.0-week3,2016-06-28 19:41:00,40.760767,-74.02065,40.730341,-73.97473,1,4956.26,82.6
2026-08-28T10:17:25.741272,v1.0-week3,2016-06-01 19:44:00,40.713711,-73.980014,40.734713,-73.951562,1,4656.27,77.6
2026-08-28T10:17:25.742501,v1.0-week3,2016-06-02 18:14:00,40.716913,-73.943188,40.771004,-73.98245,1,3170.79,52.85
2026-08-28T10:17:25.744575,v1.0-week3,2016-06-22 07:59:00,40.72243,-73.975697,40.752649,-74.012065,2,5002.63,83.38
2026-08-28T10:17:25.745556,v1.0-week3,2016-06-07 07:37:00,40.711535,-73.947931,40.765672,-73.937113,2,5603.17,93.39
2026-08-28T10:17:25.748833,v1.0-week3,2016-06-19 08:15:00,40.745336,-73.945056,40.754163,-73.975944,2,5965.35,99.42
2026-08-28T10:17:25.750072,v1.0-week3,2016-06-05 19:50:00,40.779078,-73.957584,40.740063,-73.932568,1,6187.85,103.13
2026-08-28T10:17:25.751982,v1.0-week3,2016-06-14 07:14:00,40.767094,-73.995941,40.76152,-73.934514,2,5399.51,89.99
2026-08-28T10:17:25.753121,v1.0-week3,2016-06-01 09:40:00,40.721866,-73.930741,40.739248,-73.994419,2,5029.24,83.82
2026-08-28T10:17:25.755008,v1.0-week3,2016-06-06 17:43:00,40.74687,-73.991993,40.761773,-74.000462,1,4133.89,68.9
2026-08-28T10:17:25.756066,v1.0-week3,2016-06-03 19:05:00,40.721438,-73.992,40.762711,-74.014572,2,4764.05,79.4
2026-08-28T10:17:25.757425,v1.0-week3,2016-06-12 09:06:00,40.707322,-73.935704,40.735579,-73.953865,1,5123.24,85.39
2026-08-28T10:17:25.758803,v1.0-week3,2016-06-03 08:11:00,40.734478,-73.974301,40.740995,-74.019671,1,6266.71,104.45
2026-08-28T10:17:25.759830,v1.0-week3,2016-06-18 09:05:00,40.747754,-73.951556,40.769097,-74.028766,2,4059.36,67.66
2026-08-28T10:17:25.762915,v1.0-week3,2016-06-25 17:05:00,40.757988,-73.974046,40.779418,-74.005726,1,3985.44,66.42
2026-08-28T10:17:25.764665,v1.0-week3,2016-06-13 19:10:00,40.711107,-73.999887,40.73945,-74.023673,2,2557.01,42.62
2026-08-28T10:17:25.765656,v1.0-week3,2016-06-14 09:19:00,40.738739,-74.022308,40.720136,-74.005341,2,6308.34,105.14
2026-08-28T10:17:25.767282,v1.0-week3,2016-06-20 18:12:00,40.736629,-74.016451,40.700541,-73.990431,2,3447.11,57.45
2026-08-28T10:17:25.769828,v1.0-week3,2016-06-15 09:21:00,40.734449,-73.947646,40.752083,-73.970561,2,4855.23,80.92
2026-08-28T10:17:25.770845,v1.0-week3,2016-06-20 09:44:00,40.716068,-73.998582,40.777166,-73.933127,2,7510.72,125.18
2026-08-28T10:17:25.772029,v1.0-week3,2016-06-23 19:40:00,40.739281,-73.972412,40.719394,-73.992394,2,4649.68,77.49
2026-08-28T10:17:25.774570,v1.0-week3,2016-06-04 09:59:00,40.745108,-73.970777,40.74365,-73.961829,1,5088.4,84.81
2026-08-28T10:17:25.775606,v1.0-week3,2016-06-15 19:45:00,40.716772,-73.950231,40.766503,-74.023084,2,4522.68,75.38
2026-08-28T10:17:25.776565,v1.0-week3,2016-06-16 19:08:00,40.750667,-74.005798,40.752693,-73.958476,2,3363.68,56.06
2026-08-28T10:17:25.777554,v1.0-week3,2016-06-15 07:38:00,40.738339,-73.989919,40.740529,-73.937961,2,7953.2,132.55
2026-08-28T10:17:25.779445,v1.0-week3,2016-06-02 18:50:00,40.777474,-73.959837,40.764984,-73.970618,1,4154.82,69.25
2026-08-28T10:17:25.782014,v1.0-week3,2016-06-25 07:15:00,40.752608,-73.994499,40.75176,-74.02557,2,7349.92,122.5
2026-08-28T10:17:25.782940,v1.0-week3,2016-06-26 09:27:00,40.708476,-74.020139,40.71776,-73.955315,1,5017.78,83.63
2026-08-28T10:17:25.784603,v1.0-week3,2016-06-12 17:25:00,40.737045,-73.962044,40.755235,-74.014926,1,6164.38,102.74
2026-08-28T10:17:25.785772,v1.0-week3,2016-06-04 17:18:00,40.733278,-73.933827,40.709286,-73.935932,1,6508.53,108.48
2026-08-28T10:17:25.786681,v1.0-week3,2016-06-10 09:21:00,40.736427,-74.009313,40.738634,-73.982384,2,6615.06,110.25
2026-08-28T10:17:25.787857,v1.0-week3,2016-06-23 19:28:00,40.725513,-73.999974,40.764815,-74.018491,2,7131.54,118.86
2026-08-28T10:17:25.789014,v1.0-week3,2016-06-04 19:43:00,40.764004,-73.937008,40.759239,-73.978401,1,8237.71,137.3
2026-08-28T10:17:25.792495,v1.0-week3,2016-06-18 09:27:00,40.776677,-74.006814,40.732404,-74.011555,2,7801.29,130.02
2026-08-28T10:17:25.794406,v1.0-week3,2016-06-01 17:47:00,40.749129,-74.010268,40.747376,-73.991116,1,3899.66,64.99
2026-08-28T10:17:25.796821,v1.0-week3,2016-06-09 08:48:00,40.756301,-73.950399,40.746188,-73.95005,1,4538.34,75.64
2026-08-28T10:17:25.798514,v1.0-week3,2016-06-11 09:12:00,40.736604,-74.003765,40.769011,-73.977228,2,5767.69,96.13
2026-08-28T10:17:25.803127,v1.0-week3,2016-06-13 18:39:00,40.731404,-74.018577,40.728159,-73.984214,1,5218.11,86.97
2026-08-28T10:17:25.805052,v1.0-week3,2016-06-23 19:51:00,40.723796,-73.968552,40.70678,-74.016605,1,7816.43,130.27
2026-08-28T10:17:25.806261,v1.0-week3,2016-06-10 08:07:00,40.714644,-73.960656,40.740866,-73.988176,1,5075.21,84.59
2026-08-28T10:17:25.807731,v1.0-week3,2016-06-13 18:27:00,40.71486,-73.96645,40.755475,-73.965474,1,5858.89,97.65
2026-08-28T10:17:25.810028,v1.0-week3,2016-06-06 18:31:00,40.723107,-74.01129,40.767359,-73.968059,2,4387.97,73.13
2026-08-28T10:17:25.811138,v1.0-week3,2016-06-16 07:08:00,40.71561,-73.991606,40.744927,-73.964693,2,5716.42,95.27
2026-08-28T10:17:25.813779,v1.0-week3,2016-06-16 19:26:00,40.756811,-73.985615,40.71338,-73.97346,1,4415.78,73.6
2026-08-28T10:17:25.816654,v1.0-week3,2016-06-02 09:17:00,40.717987,-74.001133,40.762459,-73.973435,2,2863.05,47.72
2026-08-28T10:17:25.818114,v1.0-week3,2016-06-17 18:07:00,40.745817,-74.003211,40.743448,-73.930911,1,5484.77,91.41
2026-08-28T10:17:25.819631,v1.0-week3,2016-06-15 19:34:00,40.717483,-73.987485,40.758879,-73.964633,1,7639.22,127.32
2026-08-28T10:17:25.822615,v1.0-week3,2016-06-28 09:02:00,40.735979,-73.995142,40.765338,-73.986093,1,6721.27,112.02
2026-08-28T10:17:25.824044,v1.0-week3,2016-06-07 08:51:00,40.759009,-73.961087,40.768884,-73.968974,2,4829.84,80.5
2026-08-28T10:17:25.825612,v1.0-week3,2016-06-20 08:08:00,40.762788,-73.948647,40.764435,-73.972993,2,5854.55,97.58
2026-08-28T10:17:25.827775,v1.0-week3,2016-06-18 18:10:00,40.725892,-73.959595,40.723147,-74.003266,1,7528.08,125.47
2026-08-28T10:17:25.829769,v1.0-week3,2016-06-25 08:50:00,40.732928,-74.024071,40.722186,-73.96441,1,4046.6,67.44
2026-08-28T10:17:25.831502,v1.0-week3,2016-06-05 08:45:00,40.725768,-74.005245,40.767484,-73.99073,1,5821.73,97.03
2026-08-28T10:17:25.834713,v1.0-week3,2016-06-21 18:17:00,40.750225,-73.992483,40.706041,-73.95054,1,4038.92,67.32
2026-08-28T10:17:25.836085,v1.0-week3,2016-06-17 17:47:00,40.722258,-73.936366,40.729526,-73.934975,2,5099.84,85.0
2026-08-28T10:17:25.837946,v1.0-week3,2016-06-01 18:55:00,40.761931,-73.956728,40.758475,-73.984155,2,5825.29,97.09
2026-08-28T10:17:25.840709,v1.0-week3,2016-06-26 07:34:00,40.731817,-73.933187,40.765988,-73.980529,2,5892.89,98.21
2026-08-28T10:17:25.842486,v1.0-week3,2016-06-11 09:35:00,40.746235,-73.973386,40.738827,-73.995626,1,6629.26,110.49
2026-08-28T10:17:25.844803,v1.0-week3,2016-06-04 07:40:00,40.762711,-73.984042,40.709939,-73.944235,2,4285.73,71.43
2026-08-28T10:17:25.846574,v1.0-week3,2016-06-01 17:27:00,40.716185,-73.961141,40.710553,-73.965,1,3067.81,51.13
2026-08-28T10:17:25.848841,v1.0-week3,2016-06-03 09:41:00,40.728835,-74.021758,40.753161,-73.965109,1,4293.26,71.55
2026-08-28T10:17:25.852067,v1.0-week3,2016-06-21 17:19:00,40.758079,-73.954477,40.734338,-74.02088,1,4982.17,83.04
2026-08-28T10:17:25.853449,v1.0-week3,2016-06-07 07:30:00,40.706235,-73.970632,40.741556,-73.985493,1,4968.96,82.82
2026-08-28T10:17:25.854932,v1.0-week3,2016-06-11 19:52:00,40.709648,-73.943966,40.755522,-73.98223,1,6534.78,108.91
2026-08-28T10:17:25.856588,v1.0-week3,2016-06-03 17:46:00,40.764477,-74.01968,40.729405,-74.000074,2,2458.1,40.97
2026-08-28T10:17:25.858718,v1.0-week3,2016-06-21 08:43:00,40.711428,-73.976949,40.700678,-73.964998,2,7503.24,125.05
2026-08-28T10:17:25.860390,v1.0-week3,2016-06-24 09:13:00,40.750246,-74.014863,40.732937,-73.961343,1,4400.25,73.34
2026-08-28T10:17:25.862680,v1.0-week3,2016-06-04 07:08:00,40.760196,-73.971043,40.730723,-73.933675,2,4734.59,78.91
2026-08-28T10:17:25.864375,v1.0-week3,2016-06-08 08:17:00,40.75157,-74.005183,40.74808,-73.957882,2,5662.7,94.38
2026-08-28T10:17:25.865513,v1.0-week3,2016-06-01 19:54:00,40.767766,-73.942417,40.716436,-73.969307,1,6677.11,111.29
2026-08-28T10:17:25.866875,v1.0-week3,2016-06-13 19:18:00,40.751694,-73.95162,40.763502,-74.006066,2,4561.97,76.03
2026-08-28T10:17:25.868579,v1.0-week3,2016-06-08 07:31:00,40.751047,-74.022899,40.771098,-74.028793,2,4880.97,81.35
2026-08-28T10:17:25.870003,v1.0-week3,2016-06-05 09:24:00,40.768865,-73.973162,40.729233,-73.961706,2,6170.44,102.84
2026-08-28T10:17:25.873140,v1.0-week3,2016-06-01 07:37:00,40.705403,-74.003781,40.703186,-74.023953,2,6162.54,102.71
2026-08-28T10:17:25.875408,v1.0-week3,2016-06-10 18:40:00,40.75701,-73.953289,40.733886,-73.989772,1,4886.03,81.43
2026-08-28T10:17:25.876629,v1.0-week3,2016-06-03 09:19:00,40.706322,-73.937908,40.777945,-74.014462,2,6507.7,108.46
2026-08-28T10:17:25.880004,v1.0-week3,2016-06-19 17:40:00,40.761058,-73.965016,40.751452,-73.998983,2,6249.27,104.15
2026-08-28T10:17:25.881790,v1.0-week3,2016-06-28 19:15:00,40.704632,-74.021379,40.734759,-73.984663,1,8324.65,138.74
2026-08-28T10:17:25.883689,v1.0-week3,2016-06-22 09:47:00,40.752644,-74.012435,40.701013,-74.016279,1,6648.3,110.81
2026-08-28T10:17:25.885264,v1.0-week3,2016-06-16 08:22:00,40.74184,-73.951701,40.757661,-74.013304,1,5854.03,97.57
2026-08-28T10:17:25.887357,v1.0-week3,2016-06-25 19:55:00,40.721501,-73.941359,40.761714,-74.027064,2,4231.65,70.53
2026-08-28T10:17:25.891765,v1.0-week3,2016-06-17 09:04:00,40.721036,-73.932495,40.750203,-73.980385,2,4721.0,78.68
2026-08-28T10:17:25.893524,v1.0-week3,2016-06-16 07:54:00,40.745351,-73.993231,40.720409,-74.01971,1,6451.59,107.53
2026-08-28T10:17:25.895358,v1.0-week3,2016-06-24 08:32:00,40.700205,-73.944131,40.700983,-74.025402,2,5284.47,88.07
2026-08-28T10:17:25.897390,v1.0-week3,2016-06-05 17:11:00,40.774493,-73.944251,40.744229,-73.938605,2,8838.55,147.31
2026-08-28T10:17:25.898930,v1.0-week3,2016-06-11 08:15:00,40.733301,-73.957971,40.721701,-74.022211,2,5447.84,90.8
2026-08-28T10:17:25.900205,v1.0-week3,2016-06-17 07:43:00,40.772155,-74.012066,40.764347,-73.931859,2,6911.29,115.19
2026-08-28T10:17:25.902256,v1.0-week3,2016-06-15 07:55:00,40.722585,-73.945515,40.726184,-73.974691,1,5884.81,98.08
2026-08-28T10:17:25.908089,v1.0-week3,2016-06-07 00:18:00,40.745105,-73.999609,40.749817,-73.983607,6,536.23,8.94
2026-08-28T10:17:25.910786,v1.0-week3,2016-06-24 23:57:00,40.743725,-73.950403,40.712045,-73.93676,3,360.14,6.0
2026-08-28T10:17:25.913120,v1.0-week3,2016-06-18 23:22:00,40.750875,-73.960654,40.700768,-73.996498,6,370.1,6.17
2026-08-28T10:17:25.916247,v1.0-week3,2016-06-04 00:13:00,40.742385,-74.006183,40.739362,-74.02401,4,433.52,7.23
2026-08-28T10:17:25.918064,v1.0-week3,2016-06-03 00:02:00,40.773702,-73.940271,40.741581,-73.959915,5,629.27,10.49
2026-08-28T10:17:25.919901,v1.0-week3,2016-06-24 01:05:00,40.746462,-73.979457,40.750977,-73.990565,3,381.22,6.35
2026-08-28T10:17:25.921884,v1.0-week3,2016-06-22 01:08:00,40.718942,-74.003901,40.725201,-73.949918,5,464.76,7.75
2026-08-28T10:17:25.923702,v1.0-week3,2016-06-15 00:17:00,40.718689,-73.935645,40.710889,-73.952985,3,491.68,8.19
2026-08-28T10:17:25.925503,v1.0-week3,2016-06-04 23:10:00,40.735965,-73.998597,40.709659,-73.994171,4,397.91,6.63
2026-08-28T10:17:25.926831,v1.0-week3,2016-06-10 01:29:00,40.721201,-74.018009,40.712609,-73.961395,3,345.03,5.75
2026-08-28T10:17:25.928597,v1.0-week3,2016-06-27 23:54:00,40.726223,-74.020879,40.719858,-73.994426,3,334.97,5.58
2026-08-28T10:17:25.930422,v1.0-week3,2016-06-09 00:52:00,40.779254,-74.026892,40.732351,-73.98478,4,120,2.0
2026-08-28T10:17:25.931528,v1.0-week3,2016-06-15 22:06:00,40.764312,-74.016021,40.700957,-73.946963,4,548.36,9.14
2026-08-28T10:17:25.933521,v1.0-week3,2016-06-07 23:52:00,40.732047,-73.961371,40.775006,-74.021596,5,120,2.0
2026-08-28T10:17:25.936451,v1.0-week3,2016-06-01 22:04:00,40.71582,-73.965401,40.764744,-74.020802,5,184.77,3.08
2026-08-28T10:17:25.939624,v1.0-week3,2016-06-02 22:29:00,40.704051,-73.937587,40.734653,-73.957557,6,666.89,11.11
2026-08-28T10:17:25.941372,v1.0-week3,2016-06-13 22:43:00,40.734133,-73.994606,40.772664,-74.002502,6,391.92,6.53
2026-08-28T10:17:25.944479,v1.0-week3,2016-06-02 23:39:00,40.749534,-74.005422,40.723608,-73.988801,6,487.77,8.13
2026-08-28T10:17:25.946139,v1.0-week3,2016-06-03 22:17:00,40.730641,-73.988077,40.751412,-73.95028,4,227.46,3.79
2026-08-28T10:17:25.948669,v1.0-week3,2016-06-26 02:01:00,40.779152,-73.951808,40.728729,-73.975548,6,120,2.0
2026-08-28T10:17:25.950082,v1.0-week3,2016-06-19 00:32:00,40.725728,-74.002956,40.702085,-73.970288,3,659.77,11.0
2026-08-28T10:17:25.952701,v1.0-week3,2016-06-02 00:51:00,40.779323,-73.977057,40.761347,-73.930039,4,601.48,10.02
2026-08-28T10:17:25.954516,v1.0-week3,2016-06-08 22:42:00,40.719292,-73.976631,40.763299,-73.956294,4,500.42,8.34
2026-08-28T10:17:25.956031,v1.0-week3,2016-06-28 02:51:00,40.731074,-73.936479,40.779323,-74.012629,4,490.71,8.18
2026-08-28T10:17:25.958165,v1.0-week3,2016-06-11 02:51:00,40.759048,-73.994122,40.747325,-73.959655,5,371.87,6.2
2026-08-28T10:17:25.960962,v1.0-week3,2016-06-19 02:09:00,40.745049,-74.011177,40.77904,-73.941837,6,230.06,3.83
2026-08-28T10:17:25.962901,v1.0-week3,2016-06-10 02:11:00,40.739235,-74.020974,40.71861,-74.008119,6,120,2.0
2026-08-28T10:17:25.965535,v1.0-week3,2016-06-11 22:58:00,40.749131,-73.949355,40.727261,-74.012254,5,145.5,2.42
2026-08-28T10:17:25.967822,v1.0-week3,2016-06-01 22:09:00,40.746929,-73.938278,40.761949,-73.945352,5,470.5,7.84
2026-08-28T10:17:25.970341,v1.0-week3,2016-06-12 22:45:00,40.775354,-73.99044,40.708083,-73.999823,4,403.52,6.73
2026-08-28T10:17:25.971958,v1.0-week3,2016-06-24 23:27:00,40.763347,-73.933934,40.751934,-74.01258,5,268.0,4.47
2026-08-28T10:17:25.973585,v1.0-week3,2016-06-22 23:37:00,40.765156,-73.992162,40.75872,-74.000548,4,199.15,3.32
2026-08-28T10:17:25.974572,v1.0-week3,2016-06-23 22:36:00,40.731328,-73.930572,40.777215,-74.026762,5,384.41,6.41
2026-08-28T10:17:25.975944,v1.0-week3,2016-06-08 02:40:00,40.745244,-73.936331,40.711251,-73.955466,4,295.76,4.93
2026-08-28T10:17:25.977140,v1.0-week3,2016-06-11 00:10:00,40.750895,-73.933692,40.765733,-73.962998,5,288.98,4.82
2026-08-28T10:17:25.979336,v1.0-week3,2016-06-01 01:16:00,40.716775,-73.960682,40.728038,-73.951298,3,147.48,2.46
2026-08-28T10:17:25.980403,v1.0-week3,2016-06-13 22:28:00,40.758607,-73.93309,40.770764,-73.980692,6,390.2,6.5
2026-08-28T10:17:25.982187,v1.0-week3,2016-06-18 00:24:00,40.708114,-73.982051,40.769124,-73.964903,4,475.44,7.92
2026-08-28T10:17:25.983904,v1.0-week3,2016-06-15 23:04:00,40.763936,-74.026659,40.701606,-74.003887,3,353.02,5.88
2026-08-28T10:17:25.985185,v1.0-week3,2016-06-11 22:10:00,40.771035,-74.01391,40.706,-73.935817,3,410.94,6.85
2026-08-28T10:17:25.986530,v1.0-week3,2016-06-20 00:39:00,40.771458,-73.95955,40.734506,-73.964636,6,369.76,6.16
2026-08-28T10:17:25.988359,v1.0-week3,2016-06-02 23:06:00,40.726488,-73.93256,40.732742,-73.974589,5,214.93,3.58
2026-08-28T10:17:25.990463,v1.0-week3,2016-06-10 00:15:00,40.707673,-73.99071,40.743973,-73.980905,3,254.58,4.24
2026-08-28T10:17:25.991667,v1.0-week3,2016-06-01 00:27:00,40.70701,-73.94761,40.750007,-73.981967,3,131.85,2.2
2026-08-28T10:17:25.992796,v1.0-week3,2016-06-07 22:10:00,40.751055,-73.932294,40.737886,-74.018449,6,305.93,5.1
2026-08-28T10:17:25.994384,v1.0-week3,2016-06-16 01:57:00,40.752883,-74.020886,40.74353,-74.011512,6,390.62,6.51
2026-08-28T10:17:25.996352,v1.0-week3,2016-06-06 00:28:00,40.703569,-73.986026,40.721072,-73.946292,3,275.72,4.6
2026-08-28T10:17:25.997660,v1.0-week3,2016-06-25 23:44:00,40.753397,-74.021429,40.727503,-73.975855,4,363.41,6.06
2026-08-28T10:17:25.999243,v1.0-week3,2016-06-02 02:53:00,40.730968,-73.977742,40.77725,-73.961293,6,200.45,3.34
2026-08-28T10:17:26.000534,v1.0-week3,2016-06-08 02:30:00,40.723908,-73.99052,40.768315,-74.026527,4,479.89,8.0
2026-08-28T10:17:26.002007,v1.0-week3,2016-06-25 22:28:00,40.71383,-73.931563,40.777773,-73.949154,4,324.42,5.41
2026-08-28T10:17:26.003539,v1.0-week3,2016-06-14 22:05:00,40.779062,-73.986461,40.779782,-73.967277,5,357.75,5.96
2026-08-28T10:17:26.006710,v1.0-week3,2016-06-24 00:58:00,40.764587,-74.021297,40.744509,-73.974795,5,637.21,10.62
2026-08-28T10:17:26.008551,v1.0-week3,2016-06-15 02:58:00,40.769877,-73.951345,40.749845,-73.977744,6,194.19,3.24
2026-08-28T10:17:26.010616,v1.0-week3,2016-06-14 22:09:00,40.711856,-73.971207,40.76067,-73.936035,3,501.54,8.36
2026-08-28T10:17:26.012496,v1.0-week3,2016-06-25 02:06:00,40.76286,-73.943252,40.770411,-73.942211,5,337.8,5.63
2026-08-28T10:17:26.014691,v1.0-week3,2016-06-21 01:31:00,40.745762,-73.982695,40.713776,-73.989703,6,578.44,9.64
2026-08-28T10:17:26.016063,v1.0-week3,2016-06-13 22:56:00,40.770317,-73.960949,40.703943,-73.982478,5,543.05,9.05
2026-08-28T10:17:26.017705,v1.0-week3,2016-06-01 00:21:00,40.765391,-73.999695,40.722428,-73.980838,3,290.92,4.85
2026-08-28T10:17:26.019994,v1.0-week3,2016-06-05 23:19:00,40.777938,-73.985689,40.766066,-74.003058,6,211.86,3.53
2026-08-28T10:17:26.022745,v1.0-week3,2016-06-21 02:05:00,40.715035,-74.008861,40.765918,-73.955906,5,189.17,3.15
2026-08-28T10:17:26.023877,v1.0-week3,2016-06-17 22:50:00,40.712718,-73.998888,40.740544,-74.016435,3,318.91,5.32
2026-08-28T10:17:26.026252,v1.0-week3,2016-06-07 23:56:00,40.766634,-73.946302,40.719959,-73.984355,5,301.71,5.03
2026-08-28T10:17:26.027212,v1.0-week3,2016-06-09 23:23:00,40.765881,-73.979487,40.750833,-74.017613,3,459.64,7.66
2026-08-28T10:17:26.029272,v1.0-week3,2016-06-12 23:31:00,40.747523,-74.012242,40.769638,-73.971312,5,120,2.0
2026-08-28T10:17:26.031742,v1.0-week3,2016-06-06 00:53:00,40.771559,-73.955104,40.755108,-74.001493,6,471.57,7.86
2026-08-28T10:17:26.034263,v1.0-week3,2016-06-06 22:54:00,40.745781,-73.933508,40.768569,-73.965262,4,636.03,10.6
2026-08-28T10:17:26.036300,v1.0-week3,2016-06-21 00:26:00,40.741062,-73.943537,40.777371,-73.96178,6,250.9,4.18
2026-08-28T10:17:26.037682,v1.0-week3,2016-06-21 23:11:00,40.748091,-74.029154,40.720191,-73.949491,5,448.31,7.47
2026-08-28T10:17:26.040631,v1.0-week3,2016-06-14 00:57:00,40.730118,-73.995129,40.72016,-73.98333,6,385.57,6.43
2026-08-28T10:17:26.041833,v1.0-week3,2016-06-04 02:00:00,40.740921,-73.963764,40.767463,-73.992577,5,300.58,5.01
2026-08-28T10:17:26.043405,v1.0-week3,2016-06-22 00:06:00,40.738539,-73.996372,40.722119,-73.997486,5,289.08,4.82
2026-08-28T10:17:26.044844,v1.0-week3,2016-06-21 00:45:00,40.776175,-73.964853,40.715069,-73.978271,4,323.84,5.4
2026-08-28T10:17:26.047363,v1.0-week3,2016-06-26 22:54:00,40.764189,-73.969997,40.752842,-73.961924,3,560.24,9.34
2026-08-28T10:17:26.048669,v1.0-week3,2016-06-10 01:16:00,40.772553,-73.98954,40.758939,-73.971698,4,177.17,2.95
2026-08-28T10:17:26.049606,v1.0-week3,2016-06-24 00:45:00,40.717789,-73.976536,40.762792,-73.939347,5,550.47,9.17
2026-08-28T10:17:26.051544,v1.0-week3,2016-06-10 02:54:00,40.713599,-73.964239,40.74466,-74.000622,6,731.5,12.19
2026-08-28T10:17:26.052736,v1.0-week3,2016-06-24 23:16:00,40.758015,-73.974097,40.77301,-73.935308,5,370.26,6.17
2026-08-28T10:17:26.054366,v1.0-week3,2016-06-08 22:22:00,40.717866,-73.942857,40.733638,-73.941316,5,370.88,6.18
2026-08-28T10:17:26.056709,v1.0-week3,2016-06-19 00:18:00,40.737101,-74.018222,40.704294,-73.96656,3,523.62,8.73
2026-08-28T10:17:26.058261,v1.0-week3,2016-06-07 01:32:00,40.709585,-73.96193,40.742387,-73.988689,4,162.23,2.7
2026-08-28T10:17:26.059601,v1.0-week3,2016-06-07 23:21:00,40.732735,-73.97306,40.77253,-73.984243,5,120.48,2.01
2026-08-28T10:17:26.060951,v1.0-week3,2016-06-25 23:05:00,40.739006,-73.966897,40.714146,-73.96655,3,120,2.0
2026-08-28T10:17:26.063536,v1.0-week3,2016-06-09 01:13:00,40.760895,-74.013139,40.761159,-73.981042,3,567.87,9.46
2026-08-28T10:17:26.068434,v1.0-week3,2016-06-20 23:27:00,40.750679,-73.989661,40.777226,-73.991668,3,409.4,6.82
2026-08-28T10:17:26.074980,v1.0-week3,2016-06-07 02:46:00,40.729848,-74.028592,40.725777,-73.946677,4,366.34,6.11
2026-08-28T10:17:26.076671,v1.0-week3,2016-06-22 22:00:00,40.750135,-74.005118,40.755482,-73.995565,4,480.44,8.01
2026-08-28T10:17:26.082096,v1.0-week3,2016-06-13 22:32:00,40.747094,-74.013298,40.765908,-74.00018,5,419.41,6.99
2026-08-28T10:17:26.084259,v1.0-week3,2016-06-24 01:33:00,40.74771,-73.996216,40.771038,-73.930453,5,319.31,5.32
2026-08-28T10:17:26.086968,v1.0-week3,2016-06-12 01:48:00,40.715074,-73.935192,40.773456,-73.989661,4,288.41,4.81
2026-08-28T10:17:26.090479,v1.0-week3,2016-06-24 23:08:00,40.716895,-74.027809,40.740371,-74.017684,3,386.57,6.44
2026-08-28T10:17:26.093053,v1.0-week3,2016-06-21 01:16:00,40.7617,-73.967687,40.747514,-74.025204,3,363.68,6.06
2026-08-28T10:17:26.095294,v1.0-week3,2016-06-02 22:44:00,40.709263,-73.985569,40.709888,-74.004726,4,551.37,9.19
2026-08-28T10:17:26.096268,v1.0-week3,2016-06-23 23:43:00,40.750425,-73.999888,40.752933,-73.963752,5,405.31,6.76
2026-08-28T10:17:26.099378,v1.0-week3,2016-06-20 02:44:00,40.710973,-73.946935,40.708393,-73.958123,3,602.0,10.03
2026-08-28T10:17:26.100936,v1.0-week3,2016-06-04 00:50:00,40.708501,-74.010135,40.71598,-74.003701,4,282.84,4.71
2026-08-28T10:17:26.102159,v1.0-week3,2016-06-23 00:26:00,40.723628,-74.026059,40.739708,-74.009231,6,181.92,3.03
2026-08-28T10:17:26.104716,v1.0-week3,2016-06-08 00:00:00,40.70102,-74.0211,40.708834,-73.972585,6,257.35,4.29
2026-08-28T10:17:26.108444,v1.0-week3,2016-06-03 23:49:00,40.740936,-73.957644,40.708103,-74.004411,4,400.28,6.67
2026-08-28T10:17:26.111072,v1.0-week3,2016-06-10 01:16:00,40.737142,-74.020019,40.713976,-74.026056,5,378.62,6.31
2026-08-28T10:17:26.112798,v1.0-week3,2016-06-26 00:43:00,40.725017,-73.956146,40.7076,-73.95418,3,251.14,4.19
2026-08-28T10:17:26.115467,v1.0-week3,2016-06-28 22:08:00,40.753068,-74.012949,40.728602,-73.986229,5,210.45,3.51
2026-08-28T10:17:26.118081,v1.0-week3,2016-06-12 22:52:00,40.727418,-74.018617,40.73202,-73.984346,6,214.54,3.58
2026-08-28T10:17:26.120074,v1.0-week3,2016-06-26 01:26:00,40.751908,-73.950309,40.709045,-73.960383,3,662.74,11.05
2026-08-28T10:17:26.130587,v1.0-week3,2016-06-04 23:26:00,40.772898,-73.981733,40.745515,-73.986184,6,417.43,6.96
2026-08-28T10:17:26.132303,v1.0-week3,2016-06-20 00:01:00,40.769006,-73.942005,40.758182,-73.940824,6,362.07,6.03
2026-08-28T10:17:26.135208,v1.0-week3,2016-06-04 01:56:00,40.732903,-74.025403,40.720929,-73.998576,4,249.84,4.16
2026-08-28T10:17:26.137407,v1.0-week3,2016-06-17 00:33:00,40.755059,-73.968176,40.734628,-73.957335,6,312.0,5.2
2026-08-28T10:17:26.138773,v1.0-week3,2016-06-22 00:43:00,40.751312,-74.015135,40.766115,-73.940794,3,384.27,6.4
2026-08-28T10:17:26.140475,v1.0-week3,2016-06-21 22:59:00,40.712554,-73.945115,40.76815,-73.943058,3,496.98,8.28
2026-08-28T10:17:26.142276,v1.0-week3,2016-06-11 01:15:00,40.726472,-74.002184,40.740554,-73.97495,6,413.34,6.89
2026-08-28T10:17:26.144023,v1.0-week3,2016-06-27 01:15:00,40.706306,-73.985581,40.745843,-74.021198,6,146.06,2.43
2026-08-28T10:17:26.145179,v1.0-week3,2016-06-11 01:07:00,40.778454,-73.955476,40.701422,-73.989656,3,141.48,2.36
2026-08-28T10:17:26.148968,v1.0-week3,2016-06-18 02:00:00,40.766073,-73.950822,40.777054,-73.966246,4,120,2.0
2026-08-28T10:17:26.150492,v1.0-week3,2016-06-11 01:23:00,40.766025,-73.948341,40.767545,-73.996803,6,486.77,8.11
2026-08-28T10:17:26.151957,v1.0-week3,2016-06-23 00:28:00,40.709122,-73.954068,40.71774,-73.995864,5,120,2.0
2026-08-28T10:17:26.153207,v1.0-week3,2016-06-17 02:23:00,40.756168,-74.025422,40.713132,-74.015955,6,301.57,5.03
2026-08-28T10:17:26.154743,v1.0-week3,2016-06-09 22:39:00,40.715674,-74.017925,40.768176,-74.008441,4,149.16,2.49
2026-08-28T10:17:26.156390,v1.0-week3,2016-06-04 00:48:00,40.733158,-73.937337,40.766997,-73.971119,6,392.46,6.54
2026-08-28T10:17:26.157522,v1.0-week3,2016-06-22 01:37:00,40.776495,-74.016536,40.739906,-73.976964,3,319.55,5.33
2026-08-28T10:17:26.158819,v1.0-week3,2016-06-14 02:53:00,40.74681,-73.937563,40.762487,-73.938982,4,529.97,8.83
2026-08-28T10:17:26.160084,v1.0-week3,2016-06-04 23:24:00,40.752602,-73.969384,40.725748,-73.941861,6,299.91,5.0
2026-08-28T10:17:26.161375,v1.0-week3,2016-06-23 02:48:00,40.719859,-73.990213,40.727429,-74.000583,4,240.42,4.01
2026-08-28T10:17:26.162987,v1.0-week3,2016-06-14 23:38:00,40.756001,-73.955157,40.723913,-73.959851,5,436.76,7.28
2026-08-28T10:17:26.165440,v1.0-week3,2016-06-21 02:13:00,40.716071,-73.967583,40.723246,-73.995471,4,120,2.0
2026-08-28T10:17:26.167720,v1.0-week3,2016-06-17 23:34:00,40.755545,-73.997762,40.709232,-73.994776,6,568.12,9.47
2026-08-28T10:17:26.169315,v1.0-week3,2016-06-19 02:42:00,40.75681,-73.962576,40.771509,-73.97661,6,322.03,5.37
2026-08-28T10:17:26.170920,v1.0-week3,2016-06-17 22:06:00,40.702022,-74.015467,40.75362,-74.01001,4,378.72,6.31
2026-08-28T10:17:26.172576,v1.0-week3,2016-06-22 00:16:00,40.711714,-74.023797,40.762749,-74.0096,3,432.41,7.21
2026-08-28T10:17:26.173876,v1.0-week3,2016-06-27 00:28:00,40.708198,-73.943196,40.759159,-73.943516,6,647.25,10.79
2026-08-28T10:17:26.176406,v1.0-week3,2016-06-17 23:50:00,40.763747,-73.960387,40.755435,-74.025302,6,489.27,8.15
2026-08-28T10:17:26.179359,v1.0-week3,2016-06-14 01:50:00,40.778066,-73.998735,40.74417,-74.028703,5,648.95,10.82
2026-08-28T10:17:26.181090,v1.0-week3,2016-06-20 23:55:00,40.762474,-73.942988,40.766399,-73.938851,5,319.6,5.33
2026-08-28T10:17:26.183049,v1.0-week3,2016-06-18 02:47:00,40.748271,-73.952385,40.777143,-74.000582,4,388.33,6.47
2026-08-28T10:17:26.185598,v1.0-week3,2016-06-06 22:11:00,40.758806,-74.018065,40.703251,-74.002089,5,670.2,11.17
2026-08-28T10:17:26.188526,v1.0-week3,2016-06-06 23:37:00,40.767681,-74.029435,40.737307,-73.936251,3,316.28,5.27
2026-08-28T10:17:26.189951,v1.0-week3,2016-06-11 23:38:00,40.704068,-73.936762,40.749249,-73.963811,6,120,2.0
2026-08-28T10:17:26.192659,v1.0-week3,2016-06-18 02:22:00,40.70583,-73.959232,40.742032,-73.934301,3,500.65,8.34
2026-08-28T10:17:26.194341,v1.0-week3,2016-06-06 02:26:00,40.743446,-73.989658,40.727952,-73.94166,5,235.16,3.92
2026-08-28T10:17:26.196759,v1.0-week3,2016-06-12 00:18:00,40.717476,-73.954734,40.74244,-73.930337,3,580.99,9.68
2026-08-28T10:17:26.198203,v1.0-week3,2016-06-22 22:22:00,40.735653,-73.93955,40.749096,-73.967887,3,464.0,7.73
2026-08-28T10:17:26.199688,v1.0-week3,2016-06-13 00:58:00,40.763697,-74.018663,40.720527,-73.957602,3,236.81,3.95
2026-08-28T10:17:26.201981,v1.0-week3,2016-06-27 02:49:00,40.729997,-73.949718,40.735645,-74.025615,4,296.55,4.94
2026-08-28T10:17:26.203880,v1.0-week3,2016-06-17 00:05:00,40.775857,-74.013261,40.776502,-73.976203,3,592.6,9.88
2026-08-28T10:17:26.205066,v1.0-week3,2016-06-07 22:42:00,40.750361,-74.008682,40.754832,-73.946433,4,558.28,9.3
2026-08-28T10:17:26.206761,v1.0-week3,2016-06-27 02:44:00,40.770291,-73.955862,40.734819,-73.948325,3,319.14,5.32
2026-08-28T10:17:26.208066,v1.0-week3,2016-06-01 23:29:00,40.757349,-74.026211,40.70586,-74.012201,5,384.67,6.41
2026-08-28T10:17:26.209315,v1.0-week3,2016-06-03 02:36:00,40.76573,-73.938901,40.732611,-73.984887,6,619.74,10.33
2026-08-28T10:17:26.210470,v1.0-week3,2016-06-11 01:01:00,40.73116,-74.018169,40.700472,-73.957971,3,505.09,8.42
2026-08-28T10:17:26.211752,v1.0-week3,2016-06-02 02:44:00,40.76786,-73.99423,40.740227,-74.001016,5,254.9,4.25
